[
  {
    "id": "b2b7de93-a6b9-4a41-b8bd-2d6527fb1e10",
    "data": [
      {
        "text": "inforgraphic",
        "userDefined": false
      }
    ],
    "isTemplate": false,
    "count": 1,
    "updated": 1506861033
  },
  {
    "id": "70f2e132-4a4a-440e-984b-204a1c71eaeb",
    "data": [
      {
        "text": "Brochure",
        "userDefined": false
      }
    ],
    "isTemplate": false,
    "count": 0,
    "updated": 0
  },
  {
    "id": "4ec5701f-b5f2-4655-9c58-a048b939342f",
    "data": [
      {
        "text": "SAP B1",
        "userDefined": false
      }
    ],
    "isTemplate": false,
    "count": 0,
    "updated": 0
  },
  {
    "id": "9e67bcc2-4f8f-4974-b274-17494bfc8c4c",
    "data": [
      {
        "text": "SAP Business ",
        "userDefined": false
      },
      {
        "text": "One",
        "meta": "@sys.ignore",
        "userDefined": false
      }
    ],
    "isTemplate": false,
    "count": 0,
    "updated": 0
  },
  {
    "id": "2cdbadc2-0401-44c6-9d8a-1b9d69102326",
    "data": [
      {
        "text": "Can I have a corporate brochure of your software",
        "userDefined": false
      }
    ],
    "isTemplate": false,
    "count": 0,
    "updated": 0
  },
  {
    "id": "053c40b2-2ca8-4af0-8a81-5e96014b0ca1",
    "data": [
      {
        "text": "Can I have a corporate profile of your software? / SAP Business ",
        "userDefined": false
      },
      {
        "text": "One",
        "meta": "@sys.ignore",
        "userDefined": false
      },
      {
        "text": " / SAP B1",
        "userDefined": false
      }
    ],
    "isTemplate": false,
    "count": 0,
    "updated": 0
  }
]