[
  {
    "id": "0e669d53-541b-44e1-942b-851af0e43b33",
    "data": [
      {
        "text": "9876546738",
        "alias": "phone",
        "meta": "@sys.phone-number",
        "userDefined": true
      }
    ],
    "isTemplate": false,
    "count": 0,
    "updated": 1506940548
  },
  {
    "id": "7a2c37ef-063d-4f9e-bd20-632609c778b9",
    "data": [
      {
        "text": "geetanjali@gmail.com",
        "alias": "email",
        "meta": "@sys.email",
        "userDefined": true
      }
    ],
    "isTemplate": false,
    "count": 1,
    "updated": 0
  },
  {
    "id": "3c4ca7dc-b5e1-4145-a888-ba02d2826574",
    "data": [
      {
        "text": "geetanjali",
        "alias": "name",
        "meta": "@sys.any",
        "userDefined": true
      }
    ],
    "isTemplate": false,
    "count": 0,
    "updated": 0
  }
]