[
  {
    "id": "f1eecdbf-6665-466c-8b10-0d9c5d7fdb35",
    "data": [
      {
        "text": "pricing",
        "userDefined": false
      }
    ],
    "isTemplate": false,
    "count": 0,
    "updated": 1506938729
  },
  {
    "id": "b348cc81-3aa4-4364-91ab-482e1e58adb8",
    "data": [
      {
        "text": "what is the sap business one price",
        "userDefined": false
      }
    ],
    "isTemplate": false,
    "count": 0,
    "updated": 1506938729
  },
  {
    "id": "0c8bd136-6b45-4f80-9edb-7cac556b724f",
    "data": [
      {
        "text": "price",
        "userDefined": false
      }
    ],
    "isTemplate": false,
    "count": 0,
    "updated": 1506938729
  },
  {
    "id": "2efe5a89-c85f-4904-9a5a-db21fd3cd994",
    "data": [
      {
        "text": "What is the price of SAP business one",
        "userDefined": false
      }
    ],
    "isTemplate": false,
    "count": 0,
    "updated": 1506938729
  },
  {
    "id": "462c0295-f41e-46a3-be10-fe7ceef2d1d7",
    "data": [
      {
        "text": "cost",
        "userDefined": false
      }
    ],
    "isTemplate": false,
    "count": 0,
    "updated": 1506938729
  },
  {
    "id": "516cd951-220e-48f2-a581-67d2c8312402",
    "data": [
      {
        "text": "what is the SAP business one cost",
        "userDefined": false
      }
    ],
    "isTemplate": false,
    "count": 0,
    "updated": 1506938729
  },
  {
    "id": "fd1234ee-d3cd-4099-b1a1-2a0c3683899b",
    "data": [
      {
        "text": "what are the SAP business one cost",
        "userDefined": false
      }
    ],
    "isTemplate": false,
    "count": 0,
    "updated": 1506938729
  },
  {
    "id": "d51b1d6f-cf5e-4631-9c12-dc5b34f0d312",
    "data": [
      {
        "text": "What is the cost of limited and professional licence?",
        "userDefined": false
      }
    ],
    "isTemplate": false,
    "count": 0,
    "updated": 0
  }
]