[
  {
    "id": "026ad93e-bb73-46f3-a30e-2c087784f566",
    "data": [
      {
        "text": "demo",
        "userDefined": false
      }
    ],
    "isTemplate": false,
    "count": 0,
    "updated": 0
  },
  {
    "id": "94923a60-68ed-4e75-aeb3-53d91792c5eb",
    "data": [
      {
        "text": "demo please",
        "userDefined": false
      }
    ],
    "isTemplate": false,
    "count": 0,
    "updated": 0
  },
  {
    "id": "e28bd46d-3507-4fa8-b38c-f18b9fd81608",
    "data": [
      {
        "text": "may i see your demo",
        "userDefined": false
      }
    ],
    "isTemplate": false,
    "count": 0,
    "updated": 0
  },
  {
    "id": "ce3ad746-e278-449c-a89c-6e1b6fb6c8f7",
    "data": [
      {
        "text": "can i see your demo",
        "userDefined": false
      }
    ],
    "isTemplate": false,
    "count": 0,
    "updated": 0
  }
]