[
  {
    "id": "fbfe5487-53b7-4057-bf25-76691cbdd563",
    "data": [
      {
        "text": "ERP",
        "userDefined": false
      }
    ],
    "isTemplate": false,
    "count": 0,
    "updated": 1506761552
  },
  {
    "id": "42561e13-2223-471a-b67b-3f6ef5866278",
    "data": [
      {
        "text": " _ ERP",
        "userDefined": false
      }
    ],
    "isTemplate": false,
    "count": 0,
    "updated": 0
  },
  {
    "id": "6a4f452b-a902-4c54-b612-c9bbdf7537ee",
    "data": [
      {
        "text": "Customized ERP",
        "userDefined": false
      }
    ],
    "isTemplate": false,
    "count": 0,
    "updated": 0
  },
  {
    "id": "b1251b17-816d-45d2-9c51-7ec81b857cb2",
    "data": [
      {
        "text": "Other ERP",
        "userDefined": false
      }
    ],
    "isTemplate": false,
    "count": 0,
    "updated": 0
  },
  {
    "id": "90c8aa63-6744-4be7-960e-ac41784084b1",
    "data": [
      {
        "text": "Local ERP",
        "userDefined": false
      }
    ],
    "isTemplate": false,
    "count": 0,
    "updated": 0
  },
  {
    "id": "77a5e630-cbdf-40b5-bd9c-7742606531ba",
    "data": [
      {
        "text": "Will the system integrate with Tally",
        "userDefined": false
      }
    ],
    "isTemplate": false,
    "count": 0,
    "updated": 0
  },
  {
    "id": "2929df30-7b2d-4ced-aa05-ed3be36817ec",
    "data": [
      {
        "text": "Will the system integrate with Tally? / Other ERP/ Local ERP / Customized ERP / _ ERP",
        "userDefined": false
      }
    ],
    "isTemplate": false,
    "count": 0,
    "updated": 0
  }
]