[
  {
    "id": "4c2a8aa0-c1af-40c1-8224-b9075c3016a8",
    "data": [
      {
        "text": "finance module",
        "userDefined": false
      }
    ],
    "isTemplate": false,
    "count": 0,
    "updated": 1506873299
  },
  {
    "id": "93328efc-b254-4160-9d8c-75082237a64b",
    "data": [
      {
        "text": "can you explain finance module",
        "userDefined": false
      }
    ],
    "isTemplate": false,
    "count": 0,
    "updated": 1506860868
  },
  {
    "id": "37783e14-4d61-4402-b750-265c91b8f89f",
    "data": [
      {
        "text": "Finance",
        "userDefined": false
      }
    ],
    "isTemplate": false,
    "count": 0,
    "updated": 1506860868
  },
  {
    "id": "b75f78ef-e8d7-4a09-b7e2-8377c4752e18",
    "data": [
      {
        "text": "Does it have finance module?",
        "userDefined": false
      }
    ],
    "isTemplate": false,
    "count": 0,
    "updated": 0
  }
]