[
  {
    "id": "6a8b9bc5-e52b-49e7-8a29-05dc88adff83",
    "data": [
      {
        "text": "industry",
        "userDefined": false
      }
    ],
    "isTemplate": false,
    "count": 0,
    "updated": 0
  },
  {
    "id": "d7f4eba6-2de8-4008-a249-0a2aa13e2013",
    "data": [
      {
        "text": " industry specific solution",
        "userDefined": false
      }
    ],
    "isTemplate": false,
    "count": 0,
    "updated": 0
  },
  {
    "id": "303152b7-7c78-45e3-b1f5-6eca8bcc4908",
    "data": [
      {
        "text": "is there industry specific solution available",
        "userDefined": false
      }
    ],
    "isTemplate": false,
    "count": 0,
    "updated": 0
  },
  {
    "id": "4353ea5b-9eac-47ad-89bd-8dbb90c26804",
    "data": [
      {
        "text": "is there any industry specific solution available",
        "userDefined": false
      }
    ],
    "isTemplate": false,
    "count": 0,
    "updated": 0
  }
]