[
  {
    "id": "727b2054-ea87-4583-9bcf-41f9048a3318",
    "data": [
      {
        "text": "tell me information about inventory and purchase module",
        "userDefined": false
      }
    ],
    "isTemplate": false,
    "count": 0,
    "updated": 1506873990
  },
  {
    "id": "49396edf-b3cd-45e0-8bfa-9eed689c4ccc",
    "data": [
      {
        "text": "inventory module",
        "userDefined": false
      }
    ],
    "isTemplate": false,
    "count": 0,
    "updated": 1506873990
  },
  {
    "id": "4e7f53c7-7c45-4f4d-b52e-9417acd7995e",
    "data": [
      {
        "text": "i need info on purchase module",
        "userDefined": false
      }
    ],
    "isTemplate": false,
    "count": 0,
    "updated": 0
  },
  {
    "id": "bdd5e9ac-829e-49b1-b4c4-03ad7719f606",
    "data": [
      {
        "text": "purchase module",
        "userDefined": false
      }
    ],
    "isTemplate": false,
    "count": 0,
    "updated": 0
  }
]