[
  {
    "id": "aeb6feda-5596-40fd-a10f-193379b17297",
    "data": [
      {
        "text": "People say SAP is costly",
        "userDefined": false
      }
    ],
    "isTemplate": false,
    "count": 0,
    "updated": 0
  },
  {
    "id": "7dedc41e-4ee0-44cb-8750-ec6b210082cd",
    "data": [
      {
        "text": "is that costly?",
        "userDefined": false
      }
    ],
    "isTemplate": false,
    "count": 0,
    "updated": 0
  },
  {
    "id": "025b9073-be7c-4c05-8f41-973b09931126",
    "data": [
      {
        "text": "is it expensive ?",
        "userDefined": false
      }
    ],
    "isTemplate": false,
    "count": 0,
    "updated": 0
  }
]