[
  {
    "id": "775b0468-f16b-493b-8154-6c87673088c7",
    "data": [
      {
        "text": "license type",
        "userDefined": false
      }
    ],
    "isTemplate": false,
    "count": 0,
    "updated": 1506935977
  },
  {
    "id": "4a0356b7-1d52-437d-ba84-6fffe9bdafb7",
    "data": [
      {
        "text": "what are the types of license",
        "userDefined": false
      }
    ],
    "isTemplate": false,
    "count": 0,
    "updated": 1506935719
  },
  {
    "id": "937c1be6-0996-4745-8093-e9a1d720132f",
    "data": [
      {
        "text": "types of license",
        "userDefined": false
      }
    ],
    "isTemplate": false,
    "count": 0,
    "updated": 1506935719
  },
  {
    "id": "46ca42b6-ae29-472b-bc65-77c55b5d41d3",
    "data": [
      {
        "text": "How many types of licenses are there in SAP?",
        "userDefined": false
      }
    ],
    "isTemplate": false,
    "count": 0,
    "updated": 0
  }
]