[
  {
    "id": "968208c1-fbac-42db-a550-3db307cfc4e7",
    "data": [
      {
        "text": "which modules",
        "userDefined": false
      }
    ],
    "isTemplate": false,
    "count": 0,
    "updated": 1506792954
  },
  {
    "id": "c797fc69-bc3e-4724-a636-211c36a4bbb1",
    "data": [
      {
        "text": "how many modules",
        "userDefined": false
      }
    ],
    "isTemplate": false,
    "count": 0,
    "updated": 1506792954
  },
  {
    "id": "e91aa0e3-8fcd-44bf-8822-c168443070df",
    "data": [
      {
        "text": "modules",
        "userDefined": false
      }
    ],
    "isTemplate": false,
    "count": 0,
    "updated": 1506792954
  },
  {
    "id": "2802cf28-b4dd-4fb6-ab23-66ea2101ca5d",
    "data": [
      {
        "text": "What are the modules of SAP Business One",
        "userDefined": false
      }
    ],
    "isTemplate": false,
    "count": 0,
    "updated": 0
  }
]