[
  {
    "id": "6ce81578-54fe-4089-8713-18e420c280d1",
    "data": [
      {
        "text": "What are the other costs incurred",
        "userDefined": false
      }
    ],
    "isTemplate": false,
    "count": 0,
    "updated": 0
  },
  {
    "id": "0596c540-b6bd-46c0-968a-d1363f387cde",
    "data": [
      {
        "text": "Is there any hidden costs apart from this",
        "userDefined": false
      }
    ],
    "isTemplate": false,
    "count": 0,
    "updated": 0
  },
  {
    "id": "c3873b46-8357-45e2-b3eb-064740fe5cf4",
    "data": [
      {
        "text": "Any other costs apart from licence cost",
        "userDefined": false
      }
    ],
    "isTemplate": false,
    "count": 0,
    "updated": 0
  },
  {
    "id": "8e276c0c-de79-4955-bdae-a4a79c9b4258",
    "data": [
      {
        "text": "Any other costs apart from licence cost? / Is there any hidden costs apart from this? / What are the other costs incurred?",
        "userDefined": false
      }
    ],
    "isTemplate": false,
    "count": 0,
    "updated": 1506879609
  }
]