[
  {
    "id": "64173350-9f20-474b-a0e5-0f275ef77367",
    "data": [
      {
        "text": "i want info about production module",
        "userDefined": false
      }
    ],
    "isTemplate": false,
    "count": 0,
    "updated": 1506874348
  },
  {
    "id": "932f3271-402b-486f-a849-33c7b019bccf",
    "data": [
      {
        "text": "i want to know about production module",
        "userDefined": false
      }
    ],
    "isTemplate": false,
    "count": 0,
    "updated": 1506874348
  },
  {
    "id": "9125f2f7-48a3-4892-b0b6-4e91487bff1d",
    "data": [
      {
        "text": "tell me about production module",
        "userDefined": false
      }
    ],
    "isTemplate": false,
    "count": 0,
    "updated": 0
  },
  {
    "id": "7b2da7c9-626f-44ea-b8ea-e84c17c0c7ab",
    "data": [
      {
        "text": "production planning",
        "userDefined": false
      }
    ],
    "isTemplate": false,
    "count": 0,
    "updated": 0
  },
  {
    "id": "75bed027-0dfd-4564-a64b-f535ab0e2d57",
    "data": [
      {
        "text": "production module",
        "userDefined": false
      }
    ],
    "isTemplate": false,
    "count": 0,
    "updated": 0
  }
]