[
  {
    "id": "d3b66609-0009-4a6d-be49-bfa49fc968a7",
    "data": [
      {
        "text": "CRM module",
        "userDefined": false
      }
    ],
    "isTemplate": false,
    "count": 0,
    "updated": 1506879432
  },
  {
    "id": "533875c1-00a0-49b1-8407-de8fec81ebe1",
    "data": [
      {
        "text": "sales module",
        "userDefined": false
      }
    ],
    "isTemplate": false,
    "count": 0,
    "updated": 1506879432
  },
  {
    "id": "45d1db34-3524-4b13-a1b2-1602a82e6714",
    "data": [
      {
        "text": "i need information about sales \u0026 CRM",
        "userDefined": false
      }
    ],
    "isTemplate": false,
    "count": 0,
    "updated": 0
  },
  {
    "id": "0b5a12c0-243b-4fd0-b552-386ebfe85426",
    "data": [
      {
        "text": "i want information about sales and CRM module",
        "userDefined": false
      }
    ],
    "isTemplate": false,
    "count": 0,
    "updated": 0
  },
  {
    "id": "8132bb6f-5059-457d-b448-8647d9a6bf3f",
    "data": [
      {
        "text": "sales and customer management",
        "userDefined": false
      }
    ],
    "isTemplate": false,
    "count": 0,
    "updated": 0
  },
  {
    "id": "72b2115f-a400-4e2c-88b7-37174b0716fe",
    "data": [
      {
        "text": "sales and CRM",
        "userDefined": false
      }
    ],
    "isTemplate": false,
    "count": 0,
    "updated": 0
  },
  {
    "id": "c6e66d19-9555-4aff-bfc7-570808bbe32c",
    "data": [
      {
        "text": "sales \u0026 CRM",
        "userDefined": false
      }
    ],
    "isTemplate": false,
    "count": 0,
    "updated": 0
  }
]