[
  {
    "id": "b0d6c896-214d-4326-ad94-1b68efcccd42",
    "data": [
      {
        "text": "thank u",
        "userDefined": false
      }
    ],
    "isTemplate": false,
    "count": 0,
    "updated": 0
  },
  {
    "id": "4894e6a6-4977-447a-adaa-54a3a134baa0",
    "data": [
      {
        "text": "bye",
        "userDefined": false
      }
    ],
    "isTemplate": false,
    "count": 0,
    "updated": 0
  },
  {
    "id": "8de0a1b1-32f3-43ca-ba01-34c82a20fca2",
    "data": [
      {
        "text": "thanks",
        "userDefined": false
      }
    ],
    "isTemplate": false,
    "count": 0,
    "updated": 0
  },
  {
    "id": "27e5e6d7-176b-4821-a552-913dbb834fff",
    "data": [
      {
        "text": "thank you",
        "userDefined": false
      }
    ],
    "isTemplate": false,
    "count": 0,
    "updated": 0
  }
]