[
  {
    "id": "083a886b-9b43-4894-92b9-0260674907ac",
    "data": [
      {
        "text": "is it tedious to implement?",
        "userDefined": false
      }
    ],
    "isTemplate": false,
    "count": 1,
    "updated": 1506863716
  },
  {
    "id": "ee302b7e-ef9b-43d9-870d-81e14d6ac53d",
    "data": [
      {
        "text": "is it difficult to implement?",
        "userDefined": false
      }
    ],
    "isTemplate": false,
    "count": 0,
    "updated": 1506863716
  },
  {
    "id": "c2f4bb7f-2922-4724-a6a0-03d97eeb4dc1",
    "data": [
      {
        "text": "is it too difficult to implement?",
        "userDefined": false
      }
    ],
    "isTemplate": false,
    "count": 1,
    "updated": 0
  }
]