[
  {
    "id": "5abc7ba1-0f95-4ed5-abfe-3e0a6fa3f254",
    "data": [
      {
        "text": "what is SAP Business One",
        "userDefined": false
      }
    ],
    "isTemplate": false,
    "count": 0,
    "updated": 1506938071
  },
  {
    "id": "cbc4bdb6-64be-4f7d-b10e-2a30fec14a3b",
    "data": [
      {
        "text": "what is b 1",
        "userDefined": false
      }
    ],
    "isTemplate": false,
    "count": 0,
    "updated": 1506931522
  },
  {
    "id": "3eb7d0f4-1623-4f47-a58b-c138802fa050",
    "data": [
      {
        "text": "what is b1",
        "userDefined": false
      }
    ],
    "isTemplate": false,
    "count": 0,
    "updated": 1506931522
  },
  {
    "id": "14c57c69-602d-4b61-90b6-e272e889e50f",
    "data": [
      {
        "text": "Details about SAP Business ",
        "userDefined": false
      },
      {
        "text": "One",
        "meta": "@sys.ignore",
        "userDefined": false
      }
    ],
    "isTemplate": false,
    "count": 0,
    "updated": 1506935534
  },
  {
    "id": "fd14860a-404c-422a-83f3-f36c0ccc3c13",
    "data": [
      {
        "text": "I want to know about SAP Business ",
        "userDefined": false
      },
      {
        "text": "One",
        "meta": "@sys.ignore",
        "userDefined": false
      },
      {
        "text": " ERP solution",
        "userDefined": false
      }
    ],
    "isTemplate": false,
    "count": 0,
    "updated": 1506931342
  },
  {
    "id": "449a7538-4718-492a-aa3e-4bac033927fd",
    "data": [
      {
        "text": "is this for any business",
        "userDefined": false
      }
    ],
    "isTemplate": false,
    "count": 0,
    "updated": 1506862732
  },
  {
    "id": "2fd1fd91-a6e5-4a85-a36e-00336966e60f",
    "data": [
      {
        "text": "is this for any company?",
        "userDefined": false
      }
    ],
    "isTemplate": false,
    "count": 0,
    "updated": 1506862732
  },
  {
    "id": "1908b4c3-7952-4d40-8e49-d4eacb4f1ef9",
    "data": [
      {
        "text": "I need information about sap b1",
        "userDefined": false
      }
    ],
    "isTemplate": false,
    "count": 0,
    "updated": 1506842833
  },
  {
    "id": "f1c69b01-1a53-498f-b340-c0725cf86e68",
    "data": [
      {
        "text": "I need information about sap business ",
        "userDefined": false
      },
      {
        "text": "one",
        "meta": "@sys.ignore",
        "userDefined": false
      }
    ],
    "isTemplate": false,
    "count": 0,
    "updated": 1506842833
  },
  {
    "id": "d567d796-e37e-49e0-ad78-ac0304b78f37",
    "data": [
      {
        "text": "what is business one",
        "userDefined": false
      }
    ],
    "isTemplate": false,
    "count": 0,
    "updated": 0
  }
]