[
  {
    "id": "ceec6cec-090b-47f0-a2fa-6013f57579af",
    "data": [
      {
        "text": "why should i choose sap b1",
        "userDefined": false
      }
    ],
    "isTemplate": false,
    "count": 0,
    "updated": 0
  },
  {
    "id": "4fbb9b30-1ca6-4d85-8d83-f99334fe2f8c",
    "data": [
      {
        "text": "why sap b1",
        "userDefined": false
      }
    ],
    "isTemplate": false,
    "count": 0,
    "updated": 0
  },
  {
    "id": "39195063-a212-4177-a281-751c0c673f53",
    "data": [
      {
        "text": "why sap business ",
        "userDefined": false
      },
      {
        "text": "one",
        "meta": "@sys.ignore",
        "userDefined": false
      }
    ],
    "isTemplate": false,
    "count": 0,
    "updated": 0
  },
  {
    "id": "9593b172-1276-41c6-8835-aa5dc9316294",
    "data": [
      {
        "text": "why business one",
        "userDefined": false
      }
    ],
    "isTemplate": false,
    "count": 0,
    "updated": 0
  },
  {
    "id": "a3f057c1-3955-4129-af67-b80f64479ea3",
    "data": [
      {
        "text": "why should i choose business one",
        "userDefined": false
      }
    ],
    "isTemplate": false,
    "count": 0,
    "updated": 0
  }
]